jobSubClassification,Jobs
Accounts Officers/Clerks,4
Actuarial,17
Analysis & Reporting,89
Analysts,68
Architects,26
Banking - Business,3
Biological & Biomedical Sciences,11
Biotechnology & Genetics,1
Business/Systems Analysts,169
Clinical/Medical Research,4
Compliance & Risk,17
Consultants,196
Consulting & Generalist HR,1
Corporate Development,3
Corporate Finance & Investment Banking,1
Credit,2
Data Entry & Word Processing,1
Database Development & Administration,225
Developers/Programmers,252
Digital & Search Marketing,16
Direct Marketing & CRM,4
Electrical/Electronic Engineering,2
Engineering - Network,3
Engineering - Software,179
Environment & Sustainability Consulting,1
"Environmental, Earth & Geosciences",14
Financial Accounting & Reporting,1
Food Technology & Safety,1
Funds Management,7
Government,2
Government - Federal,89
Government - Local,1
Government - State,31
Help Desk & IT Support,1
Laboratory & Technical Services,1
Management,11
Management & Change Consulting,14
Management - Area/Multi-site,1
Management - Universities,1
Management Accounting & Budgeting,1
Market Research & Analysis,18
Materials Sciences,2
"Mathematics, Statistics & Information Sciences",657
Mechanical Engineering,1
Mining - Engineering & Maintenance,1
Mining - Exploration & Geoscience,4
Mining - Operations,1
Modelling & Simulation,29
Natural Resources & Water,9
Other,587
Pathology,2
Pharmaceuticals & Medical Devices,6
Planning,1
Power Generation & Distribution,1
Product Management & Development,6
Programme & Project Management,5
Project Management,1
Quality Assurance & Control,1
Recruitment - Agency,5
Remuneration & Benefits,2
Research & Fellowships,3
Risk Consulting,2
Sales - Pre & Post,2
Security,2
Stockbroking & Trading,11
Strategy & Planning,2
Systems Engineering,3
Team Leaders,6
Telecommunications,5
Testing & Quality Assurance,1
Underwriting,1
Water & Waste Engineering,4
Web Development & Production,5
